epoch, time, auc
0.000000, 0.135308,0.428461
0.000000, 0.175835,0.441096
0.000000, 0.209868,0.451454
0.000000, 0.244653,0.455909
0.000000, 0.266610,0.457615
0.000000, 0.295591,0.460018
0.000000, 0.320880,0.462852
0.000000, 0.348106,0.465123
0.000000, 0.372192,0.466543
0.000000, 0.400056,0.468065
0.000000, 0.421628,0.469799
0.000000, 0.450218,0.471363
0.000000, 0.472533,0.472526
0.000000, 0.502117,0.473784
0.000000, 0.529879,0.474995
0.000000, 0.558281,0.476365
0.000000, 0.580903,0.477704
0.000000, 0.605980,0.478963
0.000000, 0.628750,0.480175
0.000000, 0.654209,0.481366
0.000000, 0.676332,0.482607
0.000000, 0.703174,0.483958
0.000000, 0.727490,0.485102
0.000000, 0.753606,0.486409
0.000000, 0.775598,0.487621
0.000000, 0.805425,0.488986
0.000000, 0.828337,0.490275
0.000000, 0.855640,0.491541
0.000000, 0.877962,0.492918
0.000000, 0.907423,0.494313
0.000000, 0.930765,0.495747
0.000000, 0.959617,0.497098
0.000000, 0.981967,0.498284
0.000000, 1.009706,0.499555
0.000000, 1.033133,0.500808
0.000000, 1.060746,0.501908
0.000000, 1.082683,0.502985
0.000000, 1.109652,0.504029
0.000000, 1.131900,0.505148
0.000000, 1.160268,0.506259
0.000000, 1.182776,0.507465
0.000000, 1.210809,0.508645
0.000000, 1.233868,0.509933
0.000000, 1.261372,0.511173
0.000000, 1.282907,0.512329
0.000000, 1.309150,0.513470
0.000000, 1.332705,0.514681
0.000000, 1.359787,0.515984
0.000000, 1.383658,0.517282
0.000000, 1.409323,0.518580
0.000000, 1.429851,0.519933
0.000000, 1.454690,0.521246
0.000000, 1.477498,0.522500
0.000000, 1.503306,0.523760
0.000000, 1.524988,0.525109
0.000000, 1.551542,0.526319
0.000000, 1.573128,0.527483
0.000000, 1.601993,0.528614
0.000000, 1.623265,0.529784
0.000000, 1.650620,0.530923
0.000000, 1.672380,0.532085
0.000000, 1.698541,0.533284
0.000000, 1.720944,0.534427
0.000000, 1.748014,0.535467
0.000000, 1.770402,0.536591
0.000000, 1.795813,0.537635
0.000000, 1.818945,0.538677
0.000000, 1.844145,0.539694
0.000000, 1.865151,0.540817
0.000000, 1.892005,0.541881
0.000000, 1.914355,0.542896
0.000000, 1.940904,0.544072
0.000000, 1.963974,0.545221
0.000000, 1.998007,0.546375
0.000000, 2.021143,0.547571
0.000000, 2.047516,0.548740
0.000000, 2.068622,0.549913
0.000000, 2.094149,0.551052
0.000000, 2.116531,0.552111
0.000000, 2.141690,0.553245
0.000000, 2.162171,0.554453
0.000000, 2.188239,0.555460
0.000000, 2.210179,0.556498
0.000000, 2.237059,0.557610
0.000000, 2.258579,0.558657
0.000000, 2.283323,0.559757
0.000000, 2.304524,0.560899
0.000000, 2.331767,0.562018
0.000000, 2.353788,0.563176
0.000000, 2.380597,0.564202
0.000000, 2.402590,0.565332
0.000000, 2.428616,0.566411
0.000000, 2.450085,0.567512
0.000000, 2.476651,0.568583
0.000000, 2.499230,0.569704
0.000000, 2.526386,0.570781
0.000000, 2.548700,0.572014
0.000000, 2.575576,0.573228
0.000000, 2.599142,0.574404
0.000000, 2.626167,0.575730
0.000000, 2.648514,0.576871
0.000000, 2.674075,0.577935
0.000000, 2.695932,0.579016
0.000000, 2.723746,0.580015
0.000000, 2.747100,0.580988
0.000000, 2.772574,0.581914
0.000000, 2.794973,0.582877
0.000000, 2.820726,0.583882
0.000000, 2.842767,0.584897
0.000000, 2.869113,0.585933
0.000000, 2.890856,0.586954
0.000000, 2.919606,0.587995
0.000000, 2.944391,0.588916
0.000000, 2.973389,0.589833
0.000000, 2.993620,0.590696
0.000000, 3.020106,0.591591
0.000000, 3.040384,0.592457
1.000000, 3.070455,0.592530
1.000000, 3.090262,0.592612
1.000000, 3.115916,0.592727
1.000000, 3.138239,0.592838
1.000000, 3.166590,0.592947
1.000000, 3.187630,0.593047
1.000000, 3.214556,0.593137
1.000000, 3.235249,0.593270
1.000000, 3.263894,0.593415
1.000000, 3.286725,0.593553
1.000000, 3.311894,0.593696
1.000000, 3.334451,0.593839
1.000000, 3.359278,0.593970
1.000000, 3.380919,0.594123
1.000000, 3.405926,0.594265
1.000000, 3.427421,0.594385
1.000000, 3.452932,0.594509
1.000000, 3.476666,0.594618
1.000000, 3.506776,0.594743
1.000000, 3.529493,0.594841
1.000000, 3.556474,0.594948
1.000000, 3.579247,0.595064
1.000000, 3.606785,0.595188
1.000000, 3.629224,0.595317
1.000000, 3.656752,0.595447
1.000000, 3.677334,0.595565
1.000000, 3.705295,0.595678
1.000000, 3.730279,0.595818
1.000000, 3.756054,0.595934
1.000000, 3.777689,0.596054
1.000000, 3.804164,0.596168
1.000000, 3.827404,0.596287
1.000000, 3.854977,0.596401
1.000000, 3.877161,0.596536
1.000000, 3.903026,0.596674
1.000000, 3.924758,0.596792
1.000000, 3.954270,0.596907
1.000000, 3.977105,0.597024
1.000000, 4.002930,0.597139
1.000000, 4.024560,0.597236
1.000000, 4.052310,0.597344
1.000000, 4.076128,0.597456
1.000000, 4.102246,0.597568
1.000000, 4.124110,0.597669
1.000000, 4.149935,0.597755
1.000000, 4.171726,0.597879
1.000000, 4.198658,0.598020
1.000000, 4.221131,0.598128
1.000000, 4.248057,0.598222
1.000000, 4.268257,0.598321
1.000000, 4.295295,0.598439
1.000000, 4.321042,0.598578
1.000000, 4.347500,0.598695
1.000000, 4.369473,0.598817
1.000000, 4.395449,0.598942
1.000000, 4.415921,0.599063
1.000000, 4.440824,0.599203
1.000000, 4.461670,0.599330
1.000000, 4.489041,0.599465
1.000000, 4.513719,0.599587
1.000000, 4.540069,0.599714
1.000000, 4.561253,0.599828
1.000000, 4.588556,0.599944
1.000000, 4.613211,0.600088
1.000000, 4.639626,0.600215
1.000000, 4.662226,0.600331
1.000000, 4.691470,0.600442
1.000000, 4.713423,0.600557
1.000000, 4.741560,0.600666
1.000000, 4.767218,0.600794
1.000000, 4.793244,0.600913
1.000000, 4.815805,0.601026
1.000000, 4.842400,0.601145
1.000000, 4.863726,0.601268
1.000000, 4.890589,0.601366
1.000000, 4.910997,0.601473
1.000000, 4.938164,0.601602
1.000000, 4.959605,0.601728
1.000000, 4.986644,0.601837
1.000000, 5.008345,0.601938
1.000000, 5.035649,0.602069
1.000000, 5.057701,0.602179
1.000000, 5.086140,0.602297
1.000000, 5.110783,0.602433
1.000000, 5.138655,0.602558
1.000000, 5.160156,0.602674
1.000000, 5.188192,0.602783
1.000000, 5.212297,0.602893
1.000000, 5.237828,0.603005
1.000000, 5.259857,0.603119
1.000000, 5.287663,0.603238
1.000000, 5.310238,0.603359
1.000000, 5.334822,0.603469
1.000000, 5.355833,0.603589
1.000000, 5.381803,0.603684
1.000000, 5.404468,0.603803
1.000000, 5.431758,0.603919
1.000000, 5.455908,0.604042
1.000000, 5.482684,0.604168
1.000000, 5.504666,0.604289
1.000000, 5.531660,0.604401
1.000000, 5.553504,0.604510
1.000000, 5.581469,0.604625
1.000000, 5.602653,0.604749
1.000000, 5.629268,0.604854
1.000000, 5.650029,0.604949
1.000000, 5.677776,0.605045
1.000000, 5.699749,0.605147
1.000000, 5.725153,0.605248
1.000000, 5.745563,0.605361
1.000000, 5.773691,0.605451
1.000000, 5.794611,0.605538
1.000000, 5.821454,0.605645
1.000000, 5.841996,0.605744
1.000000, 5.870605,0.605827
1.000000, 5.894220,0.605917
1.000000, 5.919460,0.605998
2.000000, 5.940457,0.606089
2.000000, 5.968164,0.606188
2.000000, 5.993621,0.606309
2.000000, 6.022598,0.606429
2.000000, 6.043390,0.606544
2.000000, 6.071606,0.606644
2.000000, 6.092706,0.606746
2.000000, 6.119629,0.606870
2.000000, 6.142634,0.606991
2.000000, 6.168983,0.607135
2.000000, 6.191742,0.607264
2.000000, 6.220743,0.607387
2.000000, 6.246492,0.607523
2.000000, 6.275950,0.607650
2.000000, 6.301360,0.607766
2.000000, 6.329171,0.607902
2.000000, 6.351057,0.608014
2.000000, 6.376921,0.608113
2.000000, 6.397945,0.608220
2.000000, 6.425219,0.608331
2.000000, 6.447970,0.608434
2.000000, 6.475232,0.608547
2.000000, 6.495807,0.608653
2.000000, 6.524093,0.608758
2.000000, 6.545403,0.608873
2.000000, 6.572576,0.608980
2.000000, 6.593281,0.609093
2.000000, 6.620758,0.609207
2.000000, 6.643570,0.609314
2.000000, 6.672360,0.609417
2.000000, 6.695937,0.609500
2.000000, 6.722421,0.609605
2.000000, 6.746528,0.609708
2.000000, 6.774123,0.609805
2.000000, 6.795215,0.609906
2.000000, 6.820900,0.610012
2.000000, 6.843334,0.610122
2.000000, 6.872626,0.610209
2.000000, 6.894611,0.610332
2.000000, 6.918936,0.610447
2.000000, 6.941936,0.610540
2.000000, 6.970223,0.610617
2.000000, 6.994207,0.610695
2.000000, 7.019901,0.610803
2.000000, 7.040957,0.610878
2.000000, 7.070645,0.610987
2.000000, 7.094467,0.611093
2.000000, 7.120107,0.611203
2.000000, 7.142150,0.611291
2.000000, 7.170966,0.611399
2.000000, 7.194106,0.611508
2.000000, 7.223387,0.611605
2.000000, 7.245245,0.611712
2.000000, 7.274076,0.611805
2.000000, 7.296290,0.611920
2.000000, 7.323766,0.612033
2.000000, 7.346741,0.612150
2.000000, 7.376478,0.612278
2.000000, 7.399046,0.612384
2.000000, 7.430177,0.612503
2.000000, 7.452741,0.612623
2.000000, 7.480780,0.612722
2.000000, 7.504560,0.612840
2.000000, 7.532801,0.612937
2.000000, 7.555483,0.613020
2.000000, 7.583995,0.613114
2.000000, 7.607178,0.613238
2.000000, 7.632847,0.613337
2.000000, 7.657314,0.613428
2.000000, 7.684433,0.613511
2.000000, 7.706706,0.613599
2.000000, 7.735110,0.613717
2.000000, 7.757699,0.613819
2.000000, 7.783744,0.613937
2.000000, 7.805521,0.614037
2.000000, 7.831499,0.614128
2.000000, 7.854652,0.614224
2.000000, 7.881353,0.614315
2.000000, 7.909215,0.614398
2.000000, 7.936090,0.614491
2.000000, 7.958932,0.614593
2.000000, 7.986902,0.614679
2.000000, 8.009866,0.614763
2.000000, 8.036120,0.614870
2.000000, 8.059412,0.614971
2.000000, 8.086375,0.615073
2.000000, 8.109065,0.615167
2.000000, 8.138440,0.615243
2.000000, 8.159625,0.615328
2.000000, 8.186525,0.615404
2.000000, 8.210934,0.615510
2.000000, 8.238349,0.615618
2.000000, 8.261142,0.615723
2.000000, 8.291456,0.615829
2.000000, 8.313457,0.615937
2.000000, 8.340636,0.616053
2.000000, 8.362217,0.616166
2.000000, 8.387382,0.616296
2.000000, 8.409754,0.616404
2.000000, 8.440459,0.616516
2.000000, 8.463106,0.616618
2.000000, 8.490435,0.616710
2.000000, 8.513847,0.616809
2.000000, 8.539536,0.616896
2.000000, 8.561678,0.616980
2.000000, 8.587822,0.617061
2.000000, 8.609355,0.617153
2.000000, 8.638205,0.617247
2.000000, 8.660869,0.617338
2.000000, 8.687035,0.617421
2.000000, 8.711926,0.617500
2.000000, 8.739829,0.617592
2.000000, 8.761365,0.617689
2.000000, 8.788218,0.617780
2.000000, 8.814655,0.617839
2.000000, 8.842883,0.617947
2.000000, 8.866054,0.618030
3.000000, 8.895242,0.618108
3.000000, 8.917487,0.618178
3.000000, 8.946067,0.618267
3.000000, 8.968603,0.618360
3.000000, 8.994714,0.618459
3.000000, 9.015170,0.618555
3.000000, 9.043071,0.618647
3.000000, 9.066307,0.618755
3.000000, 9.096472,0.618862
3.000000, 9.116810,0.618958
3.000000, 9.141719,0.619073
3.000000, 9.164474,0.619186
3.000000, 9.193599,0.619283
3.000000, 9.216855,0.619389
3.000000, 9.244815,0.619491
3.000000, 9.266707,0.619611
3.000000, 9.293308,0.619696
3.000000, 9.315860,0.619785
3.000000, 9.343461,0.619869
3.000000, 9.364333,0.619946
3.000000, 9.390387,0.620041
3.000000, 9.413499,0.620134
3.000000, 9.441718,0.620209
3.000000, 9.464759,0.620315
3.000000, 9.490752,0.620400
3.000000, 9.513730,0.620488
3.000000, 9.543458,0.620583
3.000000, 9.564533,0.620675
3.000000, 9.589586,0.620770
3.000000, 9.610502,0.620870
3.000000, 9.637919,0.620968
3.000000, 9.659636,0.621051
3.000000, 9.685343,0.621134
3.000000, 9.709747,0.621234
3.000000, 9.737020,0.621328
3.000000, 9.761218,0.621423
3.000000, 9.787413,0.621501
3.000000, 9.809060,0.621576
3.000000, 9.835079,0.621657
3.000000, 9.856830,0.621726
3.000000, 9.887669,0.621801
3.000000, 9.910871,0.621865
3.000000, 9.938437,0.621940
3.000000, 9.959935,0.622027
3.000000, 9.988119,0.622089
3.000000, 10.010988,0.622150
3.000000, 10.039311,0.622220
3.000000, 10.061120,0.622306
3.000000, 10.090596,0.622380
3.000000, 10.111697,0.622454
3.000000, 10.138726,0.622533
3.000000, 10.161326,0.622615
3.000000, 10.186481,0.622704
3.000000, 10.208870,0.622786
3.000000, 10.234674,0.622882
3.000000, 10.256512,0.622989
3.000000, 10.282748,0.623080
3.000000, 10.304220,0.623180
3.000000, 10.330001,0.623275
3.000000, 10.352966,0.623368
3.000000, 10.380133,0.623454
3.000000, 10.403587,0.623548
3.000000, 10.433057,0.623646
3.000000, 10.455535,0.623746
3.000000, 10.484396,0.623820
3.000000, 10.505789,0.623909
3.000000, 10.532427,0.623988
3.000000, 10.555205,0.624068
3.000000, 10.582811,0.624145
3.000000, 10.607015,0.624237
3.000000, 10.632301,0.624316
3.000000, 10.653918,0.624398
3.000000, 10.684492,0.624491
3.000000, 10.707066,0.624578
3.000000, 10.735167,0.624658
3.000000, 10.756443,0.624736
3.000000, 10.784000,0.624825
3.000000, 10.807321,0.624908
3.000000, 10.835550,0.624971
3.000000, 10.857182,0.625054
3.000000, 10.884273,0.625145
3.000000, 10.906414,0.625220
3.000000, 10.933465,0.625308
3.000000, 10.954842,0.625401
3.000000, 10.982101,0.625509
3.000000, 11.003727,0.625593
3.000000, 11.034511,0.625675
3.000000, 11.057008,0.625739
3.000000, 11.083185,0.625813
3.000000, 11.105038,0.625886
3.000000, 11.137320,0.625965
3.000000, 11.160761,0.626054
3.000000, 11.186765,0.626138
3.000000, 11.208787,0.626214
3.000000, 11.233819,0.626288
3.000000, 11.254611,0.626351
3.000000, 11.282818,0.626428
3.000000, 11.305318,0.626515
3.000000, 11.332953,0.626607
3.000000, 11.355829,0.626696
3.000000, 11.386281,0.626781
3.000000, 11.409153,0.626860
3.000000, 11.433930,0.626948
3.000000, 11.457563,0.627034
3.000000, 11.486898,0.627093
3.000000, 11.509536,0.627160
3.000000, 11.535287,0.627245
3.000000, 11.556126,0.627325
3.000000, 11.583881,0.627407
3.000000, 11.606230,0.627492
3.000000, 11.632256,0.627578
3.000000, 11.653492,0.627650
3.000000, 11.680457,0.627733
3.000000, 11.703192,0.627789
3.000000, 11.735276,0.627846
3.000000, 11.758140,0.627898
3.000000, 11.784853,0.627973
4.000000, 11.805876,0.628032
4.000000, 11.833228,0.628091
4.000000, 11.854673,0.628165
4.000000, 11.881086,0.628239
4.000000, 11.904716,0.628307
4.000000, 11.932608,0.628377
4.000000, 11.953692,0.628467
4.000000, 11.981520,0.628569
4.000000, 12.004202,0.628682
4.000000, 12.030550,0.628787
4.000000, 12.051406,0.628889
4.000000, 12.077307,0.628999
4.000000, 12.101155,0.629104
4.000000, 12.130401,0.629201
4.000000, 12.152771,0.629286
4.000000, 12.179562,0.629378
4.000000, 12.202411,0.629460
4.000000, 12.230593,0.629545
4.000000, 12.252058,0.629610
4.000000, 12.277782,0.629674
4.000000, 12.299176,0.629773
4.000000, 12.328305,0.629829
4.000000, 12.349891,0.629899
4.000000, 12.377951,0.629996
4.000000, 12.400259,0.630081
4.000000, 12.427479,0.630162
4.000000, 12.449059,0.630230
4.000000, 12.480837,0.630320
4.000000, 12.503564,0.630399
4.000000, 12.531022,0.630487
4.000000, 12.556709,0.630576
4.000000, 12.584003,0.630648
4.000000, 12.606057,0.630732
4.000000, 12.632654,0.630802
4.000000, 12.654195,0.630870
4.000000, 12.682233,0.630935
4.000000, 12.703435,0.631008
4.000000, 12.729234,0.631057
4.000000, 12.750718,0.631126
4.000000, 12.776608,0.631186
4.000000, 12.799083,0.631242
4.000000, 12.824834,0.631300
4.000000, 12.845362,0.631352
4.000000, 12.872688,0.631410
4.000000, 12.894331,0.631446
4.000000, 12.921089,0.631525
4.000000, 12.943163,0.631611
4.000000, 12.968423,0.631686
4.000000, 12.990436,0.631760
4.000000, 13.018612,0.631838
4.000000, 13.039867,0.631923
4.000000, 13.067700,0.631972
4.000000, 13.088405,0.632045
4.000000, 13.114365,0.632112
4.000000, 13.136070,0.632197
4.000000, 13.166137,0.632283
4.000000, 13.189044,0.632374
4.000000, 13.216333,0.632457
4.000000, 13.240204,0.632542
4.000000, 13.268591,0.632610
4.000000, 13.291501,0.632691
4.000000, 13.319281,0.632760
4.000000, 13.340674,0.632847
4.000000, 13.366126,0.632913
4.000000, 13.387837,0.632982
4.000000, 13.414681,0.633050
4.000000, 13.438047,0.633122
4.000000, 13.466249,0.633194
4.000000, 13.488608,0.633250
4.000000, 13.515499,0.633310
4.000000, 13.540099,0.633372
4.000000, 13.567868,0.633439
4.000000, 13.591168,0.633523
4.000000, 13.617563,0.633578
4.000000, 13.640154,0.633619
4.000000, 13.666507,0.633668
4.000000, 13.690911,0.633743
4.000000, 13.717218,0.633814
4.000000, 13.739044,0.633880
4.000000, 13.768209,0.633933
4.000000, 13.790421,0.634017
4.000000, 13.820569,0.634094
4.000000, 13.842776,0.634166
4.000000, 13.870127,0.634246
4.000000, 13.896894,0.634325
4.000000, 13.924650,0.634410
4.000000, 13.946197,0.634484
4.000000, 13.973599,0.634551
4.000000, 13.997054,0.634600
4.000000, 14.025558,0.634660
4.000000, 14.048530,0.634725
4.000000, 14.075821,0.634798
4.000000, 14.097776,0.634884
4.000000, 14.124312,0.634931
4.000000, 14.144543,0.634986
4.000000, 14.172156,0.635053
4.000000, 14.194315,0.635119
4.000000, 14.220989,0.635200
4.000000, 14.242506,0.635274
4.000000, 14.269312,0.635356
4.000000, 14.292835,0.635423
4.000000, 14.320709,0.635505
4.000000, 14.343622,0.635565
4.000000, 14.371177,0.635623
4.000000, 14.395101,0.635684
4.000000, 14.423196,0.635730
4.000000, 14.445135,0.635769
4.000000, 14.472114,0.635837
4.000000, 14.497023,0.635903
4.000000, 14.525013,0.635963
4.000000, 14.546915,0.636020
4.000000, 14.576391,0.636078
4.000000, 14.599275,0.636139
4.000000, 14.626032,0.636186
4.000000, 14.648337,0.636244
4.000000, 14.674693,0.636286
4.000000, 14.696775,0.636324
5.000000, 14.727464,0.636378
5.000000, 14.748731,0.636427
5.000000, 14.776814,0.636481
5.000000, 14.800479,0.636539
5.000000, 14.828324,0.636616
5.000000, 14.851731,0.636691
5.000000, 14.880760,0.636756
5.000000, 14.902321,0.636854
5.000000, 14.931238,0.636923
5.000000, 14.957207,0.637012
5.000000, 14.984680,0.637112
5.000000, 15.006187,0.637189
5.000000, 15.034198,0.637268
5.000000, 15.058386,0.637360
5.000000, 15.084964,0.637436
5.000000, 15.108224,0.637518
5.000000, 15.137104,0.637581
5.000000, 15.159426,0.637642
5.000000, 15.186209,0.637707
5.000000, 15.209608,0.637762
5.000000, 15.236753,0.637824
5.000000, 15.260992,0.637875
5.000000, 15.287418,0.637933
5.000000, 15.310151,0.638010
5.000000, 15.337805,0.638071
5.000000, 15.360280,0.638133
5.000000, 15.388643,0.638191
5.000000, 15.412821,0.638261
5.000000, 15.440285,0.638330
5.000000, 15.465045,0.638408
5.000000, 15.493854,0.638491
5.000000, 15.517901,0.638585
5.000000, 15.545712,0.638673
5.000000, 15.567533,0.638733
5.000000, 15.593739,0.638807
5.000000, 15.615475,0.638865
5.000000, 15.640822,0.638929
5.000000, 15.662891,0.638975
5.000000, 15.690388,0.639025
5.000000, 15.712331,0.639059
5.000000, 15.738737,0.639113
5.000000, 15.762208,0.639167
5.000000, 15.790679,0.639215
5.000000, 15.812928,0.639264
5.000000, 15.844330,0.639302
5.000000, 15.867171,0.639355
5.000000, 15.898476,0.639417
5.000000, 15.920889,0.639464
5.000000, 15.948727,0.639524
5.000000, 15.969565,0.639585
5.000000, 15.996381,0.639654
5.000000, 16.018529,0.639702
5.000000, 16.044910,0.639787
5.000000, 16.066337,0.639851
5.000000, 16.095766,0.639925
5.000000, 16.119089,0.639987
5.000000, 16.147196,0.640068
5.000000, 16.167245,0.640137
5.000000, 16.194067,0.640207
5.000000, 16.217713,0.640271
5.000000, 16.244175,0.640338
5.000000, 16.265193,0.640400
5.000000, 16.293259,0.640463
5.000000, 16.316934,0.640540
5.000000, 16.347206,0.640603
5.000000, 16.369018,0.640669
5.000000, 16.394435,0.640728
5.000000, 16.415695,0.640771
5.000000, 16.443575,0.640822
5.000000, 16.464846,0.640888
5.000000, 16.493249,0.640939
5.000000, 16.514632,0.640993
5.000000, 16.541765,0.641056
5.000000, 16.564676,0.641112
5.000000, 16.591275,0.641138
5.000000, 16.613921,0.641167
5.000000, 16.642729,0.641230
5.000000, 16.664063,0.641276
5.000000, 16.694063,0.641318
5.000000, 16.715390,0.641359
5.000000, 16.742245,0.641441
5.000000, 16.765250,0.641486
5.000000, 16.793302,0.641548
5.000000, 16.816510,0.641603
5.000000, 16.841412,0.641669
5.000000, 16.862537,0.641747
5.000000, 16.891838,0.641799
5.000000, 16.914923,0.641834
5.000000, 16.943288,0.641858
5.000000, 16.964416,0.641897
5.000000, 16.990851,0.641948
5.000000, 17.015480,0.642017
5.000000, 17.043647,0.642063
5.000000, 17.066852,0.642121
5.000000, 17.094771,0.642171
5.000000, 17.117637,0.642224
5.000000, 17.148645,0.642275
5.000000, 17.169657,0.642329
5.000000, 17.199426,0.642403
5.000000, 17.221003,0.642466
5.000000, 17.251819,0.642504
5.000000, 17.274139,0.642555
5.000000, 17.305312,0.642612
5.000000, 17.327692,0.642661
5.000000, 17.354513,0.642712
5.000000, 17.376867,0.642762
5.000000, 17.403114,0.642804
5.000000, 17.425982,0.642852
5.000000, 17.454551,0.642906
5.000000, 17.475516,0.642962
5.000000, 17.505706,0.643011
5.000000, 17.528755,0.643065
5.000000, 17.556951,0.643114
5.000000, 17.580257,0.643161
5.000000, 17.619980,0.643210
5.000000, 17.647597,0.643252
5.000000, 17.675846,0.643286
6.000000, 17.697474,0.643321
6.000000, 17.723160,0.643347
6.000000, 17.748378,0.643406
6.000000, 17.773590,0.643463
6.000000, 17.795469,0.643527
6.000000, 17.821310,0.643585
6.000000, 17.842311,0.643633
6.000000, 17.871644,0.643715
6.000000, 17.894407,0.643771
6.000000, 17.924041,0.643827
6.000000, 17.945304,0.643908
6.000000, 17.973675,0.643984
6.000000, 17.995096,0.644041
6.000000, 18.022208,0.644119
6.000000, 18.046023,0.644182
6.000000, 18.070719,0.644239
6.000000, 18.093637,0.644283
6.000000, 18.121732,0.644354
6.000000, 18.145587,0.644406
6.000000, 18.171870,0.644446
6.000000, 18.194147,0.644501
6.000000, 18.221132,0.644545
6.000000, 18.242624,0.644596
6.000000, 18.269306,0.644651
6.000000, 18.290250,0.644698
6.000000, 18.316173,0.644759
6.000000, 18.340501,0.644825
6.000000, 18.368392,0.644894
6.000000, 18.390398,0.644950
6.000000, 18.417607,0.645008
6.000000, 18.439639,0.645074
6.000000, 18.467876,0.645148
6.000000, 18.489043,0.645210
6.000000, 18.519899,0.645286
6.000000, 18.543022,0.645350
6.000000, 18.569863,0.645415
6.000000, 18.591867,0.645458
6.000000, 18.618317,0.645497
6.000000, 18.642367,0.645534
6.000000, 18.668754,0.645567
6.000000, 18.690273,0.645617
6.000000, 18.717989,0.645657
6.000000, 18.741230,0.645692
6.000000, 18.767975,0.645727
6.000000, 18.789376,0.645766
6.000000, 18.818860,0.645821
6.000000, 18.840538,0.645880
6.000000, 18.865669,0.645934
6.000000, 18.888285,0.645984
6.000000, 18.918783,0.646025
6.000000, 18.944403,0.646079
6.000000, 18.970371,0.646119
6.000000, 18.992285,0.646170
6.000000, 19.019802,0.646228
6.000000, 19.040799,0.646283
6.000000, 19.065896,0.646326
6.000000, 19.086020,0.646391
6.000000, 19.111343,0.646468
6.000000, 19.133686,0.646538
6.000000, 19.161368,0.646582
6.000000, 19.183921,0.646633
6.000000, 19.209590,0.646692
6.000000, 19.232051,0.646750
6.000000, 19.258083,0.646817
6.000000, 19.279502,0.646874
6.000000, 19.307187,0.646919
6.000000, 19.327533,0.646970
6.000000, 19.353580,0.647022
6.000000, 19.374961,0.647059
6.000000, 19.402148,0.647108
6.000000, 19.423960,0.647157
6.000000, 19.449188,0.647208
6.000000, 19.472035,0.647266
6.000000, 19.497897,0.647327
6.000000, 19.522246,0.647345
6.000000, 19.548574,0.647368
6.000000, 19.569479,0.647413
6.000000, 19.595200,0.647459
6.000000, 19.617950,0.647492
6.000000, 19.646886,0.647521
6.000000, 19.668447,0.647552
6.000000, 19.693789,0.647600
6.000000, 19.715036,0.647652
6.000000, 19.740865,0.647708
6.000000, 19.762333,0.647771
6.000000, 19.789077,0.647828
6.000000, 19.810019,0.647871
6.000000, 19.838799,0.647919
6.000000, 19.859850,0.647946
6.000000, 19.887112,0.647985
6.000000, 19.909602,0.648035
6.000000, 19.937164,0.648090
6.000000, 19.958348,0.648147
6.000000, 19.984456,0.648179
6.000000, 20.006768,0.648216
6.000000, 20.035817,0.648257
6.000000, 20.057255,0.648303
6.000000, 20.083505,0.648354
6.000000, 20.105456,0.648417
6.000000, 20.134246,0.648481
6.000000, 20.157339,0.648534
6.000000, 20.182394,0.648581
6.000000, 20.207736,0.648615
6.000000, 20.236251,0.648652
6.000000, 20.256889,0.648693
6.000000, 20.283564,0.648733
6.000000, 20.303909,0.648762
6.000000, 20.329782,0.648795
6.000000, 20.350339,0.648833
6.000000, 20.377028,0.648871
6.000000, 20.398638,0.648905
6.000000, 20.428888,0.648959
6.000000, 20.451858,0.648999
6.000000, 20.476119,0.649044
6.000000, 20.499024,0.649080
6.000000, 20.525159,0.649120
6.000000, 20.547100,0.649159
7.000000, 20.571879,0.649184
7.000000, 20.592476,0.649197
7.000000, 20.619014,0.649245
7.000000, 20.639512,0.649287
7.000000, 20.667080,0.649343
7.000000, 20.688473,0.649386
7.000000, 20.715268,0.649420
7.000000, 20.737939,0.649494
7.000000, 20.762857,0.649568
7.000000, 20.784224,0.649642
7.000000, 20.812250,0.649716
7.000000, 20.835333,0.649780
7.000000, 20.862680,0.649832
7.000000, 20.887663,0.649879
7.000000, 20.915852,0.649930
7.000000, 20.937065,0.649980
7.000000, 20.963952,0.650041
7.000000, 20.985372,0.650084
7.000000, 21.012866,0.650144
7.000000, 21.034893,0.650193
7.000000, 21.063153,0.650244
7.000000, 21.084360,0.650283
7.000000, 21.113324,0.650323
7.000000, 21.134628,0.650382
7.000000, 21.163817,0.650441
7.000000, 21.185515,0.650489
7.000000, 21.214061,0.650546
7.000000, 21.236680,0.650603
7.000000, 21.264378,0.650651
7.000000, 21.288071,0.650693
7.000000, 21.318000,0.650759
7.000000, 21.340346,0.650818
7.000000, 21.367029,0.650889
7.000000, 21.389333,0.650945
7.000000, 21.415682,0.650994
7.000000, 21.438570,0.651046
7.000000, 21.465338,0.651083
7.000000, 21.485539,0.651117
7.000000, 21.510046,0.651161
7.000000, 21.530421,0.651189
7.000000, 21.558454,0.651227
7.000000, 21.580224,0.651254
7.000000, 21.605812,0.651290
7.000000, 21.626928,0.651328
7.000000, 21.652967,0.651360
7.000000, 21.677762,0.651403
7.000000, 21.705620,0.651450
7.000000, 21.727462,0.651494
7.000000, 21.752121,0.651526
7.000000, 21.773569,0.651563
7.000000, 21.800978,0.651613
7.000000, 21.822522,0.651640
7.000000, 21.848316,0.651686
7.000000, 21.869676,0.651724
7.000000, 21.896849,0.651771
7.000000, 21.918660,0.651812
7.000000, 21.946311,0.651870
7.000000, 21.967046,0.651921
7.000000, 21.993658,0.651985
7.000000, 22.015863,0.652032
7.000000, 22.040523,0.652081
7.000000, 22.062654,0.652124
7.000000, 22.089817,0.652172
7.000000, 22.110179,0.652212
7.000000, 22.139616,0.652257
7.000000, 22.165157,0.652297
7.000000, 22.193486,0.652344
7.000000, 22.217250,0.652385
7.000000, 22.245378,0.652415
7.000000, 22.267684,0.652453
7.000000, 22.293892,0.652497
7.000000, 22.317222,0.652548
7.000000, 22.345500,0.652591
7.000000, 22.367593,0.652640
7.000000, 22.393630,0.652673
7.000000, 22.415474,0.652697
7.000000, 22.442405,0.652740
7.000000, 22.463098,0.652791
7.000000, 22.489620,0.652825
7.000000, 22.510539,0.652859
7.000000, 22.538748,0.652903
7.000000, 22.562183,0.652947
7.000000, 22.587219,0.652982
7.000000, 22.608607,0.653045
7.000000, 22.635249,0.653090
7.000000, 22.656058,0.653144
7.000000, 22.682508,0.653177
7.000000, 22.702916,0.653212
7.000000, 22.729018,0.653240
7.000000, 22.750671,0.653276
7.000000, 22.777219,0.653324
7.000000, 22.799115,0.653361
7.000000, 22.826124,0.653408
7.000000, 22.847272,0.653444
7.000000, 22.873784,0.653478
7.000000, 22.895365,0.653503
7.000000, 22.921690,0.653549
7.000000, 22.943779,0.653580
7.000000, 22.971978,0.653620
7.000000, 22.993220,0.653673
7.000000, 23.020385,0.653712
7.000000, 23.041799,0.653734
7.000000, 23.067675,0.653761
7.000000, 23.089746,0.653788
7.000000, 23.116270,0.653828
7.000000, 23.137623,0.653869
7.000000, 23.164980,0.653897
7.000000, 23.187340,0.653917
7.000000, 23.218882,0.653958
7.000000, 23.240748,0.654007
7.000000, 23.268930,0.654042
7.000000, 23.290436,0.654077
7.000000, 23.319773,0.654120
7.000000, 23.341960,0.654156
7.000000, 23.369474,0.654197
7.000000, 23.393610,0.654228
7.000000, 23.421853,0.654255
epoch, time, auc